wp_id,wp_name,task_id,optimistic,likely,pessimistic,status,actual_hours
WP-0,Milestone 5 History,T-0.1,15.0,15.0,15.0,done,15.75
WP-0,Milestone 6 History,T-0.2,18.0,18.0,18.0,done,22.50
WP-1,VT API Polling,T-1.1,1.0,2.0,4.0,todo,
WP-1,VT API Polling,T-1.2,2.0,3.0,6.0,todo,
WP-1,VT API Polling,T-1.3,1.0,2.0,4.0,todo,
WP-1,VT API Polling,T-1.4,1.0,2.5,5.0,todo,
WP-2,API Service & Validation,T-2.1,1.0,2.0,3.0,todo,
WP-2,API Service & Validation,T-2.2,2.0,3.0,5.0,todo,
WP-2,API Service & Validation,T-2.3,3.0,4.0,7.0,todo,
WP-2,API Service & Validation,T-2.4,1.0,2.0,4.0,todo,
WP-3,Frontend UI & Client Logic,T-3.1,1.0,2.0,3.0,todo,
WP-3,Frontend UI & Client Logic,T-3.2,2.0,3.0,5.0,todo,
WP-3,Frontend UI & Client Logic,T-3.3,1.0,2.0,4.0,todo,
WP-3,Frontend UI & Client Logic,T-3.4,1.0,2.0,4.0,todo,
WP-4,CI Deployment & Docs,T-4.1,1.0,1.5,3.0,todo,
WP-4,CI Deployment & Docs,T-4.2,1.0,2.5,6.0,todo,
WP-4,CI Deployment & Docs,T-4.3,2.0,3.0,5.0,todo,